video,aesthetic,technical,overall,official_overall,user_rebuilt_label
0000.mp4,0.74024725,0.027582994,0.14596666,1.028571429,1.187
0012.mp4,0.3210662,0.016252872,0.057524756,1.384615385,1.518
0014.mp4,0.19648436,0.01804261,0.047953952,1.423076923,1.553
0015.mp4,0.3943431,0.02722666,0.08707078,1.423076923,1.553
0016.mp4,0.12784934,0.015585548,0.03631226,1.448275862,1.577
0020.mp4,0.055400077,0.014099746,0.024183879,1.461538462,1.589
0022.mp4,0.9368085,0.033887032,0.2700223,1.482758621,1.609
0028.mp4,0.15655418,0.011645533,0.03334345,1.5,1.625
0030.mp4,0.46931192,0.015237957,0.069628865,1.5,1.625
0036.mp4,0.12142889,0.010666546,0.028303199,1.535714286,1.658
0039.mp4,0.42652044,0.022705948,0.08227967,1.571428571,1.691
0040.mp4,0.6383351,0.026435837,0.121329345,1.571428571,1.691
0042.mp4,0.20825498,0.014481548,0.043257307,1.571428571,1.691
0043.mp4,0.8854502,0.06625238,0.30614784,1.576923077,1.696
0047.mp4,0.49444398,0.015707703,0.07348461,1.6,1.718
0048.mp4,0.13546821,0.055760574,0.079503134,1.6,1.718
0049.mp4,0.22837156,0.019766709,0.054309096,1.615384615,1.732
0052.mp4,0.27594697,0.013478162,0.04759117,1.628571429,1.744
0054.mp4,0.38881478,0.03207368,0.09483994,1.642857143,1.758
0061.mp4,0.1741928,0.017597528,0.04472477,1.689655172,1.801
0071.mp4,0.23706187,0.017786512,0.051959857,1.742857143,1.85
0073.mp4,0.047023997,0.009605102,0.017951308,1.75,1.857
0078.mp4,0.11552136,0.01150451,0.028988747,1.769230769,1.875
0081.mp4,0.929635,0.038350824,0.27667063,1.771428571,1.877
0082.mp4,0.17367765,0.010510607,0.03286785,1.785714286,1.89
0097.mp4,0.881847,0.012347232,0.1310621,1.807692308,1.911
0098.mp4,0.88394696,0.059984744,0.29138276,1.807692308,1.911
0100.mp4,0.58450484,0.01474789,0.08077904,1.821428571,1.923
0101.mp4,0.9482148,0.052828792,0.34770998,1.823529412,1.925
0103.mp4,0.3157543,0.022980599,0.06977112,1.846153846,1.946
0108.mp4,0.69891727,0.0388672,0.16382499,1.857142857,1.957
0112.mp4,0.31713864,0.025184091,0.07375095,1.862068966,1.961
0119.mp4,0.75075287,0.040928107,0.18306665,1.884615385,1.982
0122.mp4,0.7543283,0.015913386,0.111000516,1.884615385,1.982
0131.mp4,0.34817037,0.023308283,0.07416662,1.896551724,1.993
0138.mp4,0.83561426,0.031729262,0.18953371,1.914285714,2.01
0144.mp4,0.9143244,0.022209382,0.19975814,1.928571429,2.023
0145.mp4,0.08612197,0.018611236,0.034205355,1.931034483,2.025
0158.mp4,0.33942378,0.018165784,0.06327823,1.961538462,2.054
0162.mp4,0.27955425,0.019132845,0.05885681,1.961538462,2.054
0166.mp4,0.7794147,0.054933514,0.22358553,1.964285714,2.056
0170.mp4,0.713553,0.021707052,0.122505054,1.970588235,2.062
0176.mp4,0.7838911,0.039154653,0.1897762,2.0,2.089
0180.mp4,0.788487,0.020190459,0.13505124,2.0,2.089
0182.mp4,0.17187908,0.022310574,0.05117433,2.0,2.089
0184.mp4,0.33525246,0.012682456,0.050939042,2.0,2.089
0192.mp4,0.49962917,0.025410328,0.097385176,2.0,2.089
0196.mp4,0.611588,0.03490392,0.13594031,2.0,2.089
0198.mp4,0.69256,0.024664596,0.1269397,2.0,2.089
0202.mp4,0.38720274,0.014434537,0.059695892,2.034482759,2.121
0212.mp4,0.8566305,0.030174995,0.19439386,2.038461538,2.125
0220.mp4,0.9318586,0.057851717,0.33533555,2.057142857,2.142
0221.mp4,0.6818224,0.03196135,0.14368913,2.057142857,2.142
0225.mp4,0.096347205,0.034945175,0.05226893,2.058823529,2.144
0227.mp4,0.88103914,0.03332432,0.21832243,2.058823529,2.144
0228.mp4,0.8185903,0.05135375,0.23271403,2.058823529,2.144
0232.mp4,0.6621511,0.055947524,0.18805644,2.071428571,2.156
0236.mp4,0.32122925,0.017606623,0.06029443,2.071428571,2.156
0243.mp4,0.8126836,0.040470492,0.20412777,2.085714286,2.169
0247.mp4,0.6331077,0.028740019,0.12606168,2.085714286,2.169
0250.mp4,0.44331375,0.025781287,0.09065313,2.088235294,2.171
0251.mp4,0.5060484,0.017257823,0.07886563,2.088235294,2.171
0252.mp4,0.27473688,0.016670097,0.053809498,2.088235294,2.171
0256.mp4,0.36406523,0.021328053,0.072238564,2.103448276,2.185
0261.mp4,0.4795255,0.023558822,0.09068434,2.107142857,2.189
0264.mp4,0.8469181,0.032625157,0.19742122,2.107142857,2.189
0266.mp4,0.7070338,0.041779567,0.17236808,2.114285714,2.195
0268.mp4,0.70484954,0.038964204,0.16556232,2.114285714,2.195
0288.mp4,0.81522006,0.0249914,0.16000736,2.142857143,2.222
0294.mp4,0.84929043,0.027098015,0.18062808,2.147058824,2.226
0296.mp4,0.7420396,0.028147642,0.14801842,2.147058824,2.226
0297.mp4,0.77111256,0.019579846,0.12835537,2.147058824,2.226
0300.mp4,0.8613269,0.026334133,0.18360376,2.147058824,2.226
0310.mp4,0.69550455,0.02356229,0.1243912,2.172413793,2.249
0319.mp4,0.48022002,0.041256275,0.12443891,2.178571429,2.255
0321.mp4,0.46634924,0.020564126,0.082356036,2.178571429,2.255
0331.mp4,0.7202799,0.03262208,0.15439889,2.178571429,2.255
0337.mp4,0.25598976,0.014847458,0.048509058,2.192307692,2.268
0352.mp4,0.960726,0.03219983,0.3033004,2.205882353,2.281
0356.mp4,0.60607654,0.027820496,0.119060114,2.206896552,2.282
0362.mp4,0.5089938,0.024042502,0.095638186,2.206896552,2.282
0364.mp4,0.71400213,0.035723295,0.16041093,2.214285714,2.288
0371.mp4,0.21700473,0.026523266,0.06302541,2.228571429,2.302
0372.mp4,0.76621616,0.022412283,0.13680655,2.228571429,2.302
0379.mp4,0.9537024,0.025668925,0.26094562,2.230769231,2.304
0384.mp4,0.39745292,0.014229346,0.06014004,2.235294118,2.308
0388.mp4,0.89260346,0.03313894,0.2254703,2.24137931,2.314
0394.mp4,0.80856484,0.046377964,0.21683472,2.24137931,2.314
0402.mp4,0.47521955,0.030312162,0.10396313,2.25,2.322
0407.mp4,0.8259373,0.022576522,0.15533638,2.25,2.322
0412.mp4,0.6306472,0.053892322,0.17644992,2.257142857,2.328
0413.mp4,0.57124215,0.026188284,0.10954818,2.257142857,2.328
0415.mp4,0.95155025,0.03961422,0.3130312,2.264705882,2.335
0419.mp4,0.61823547,0.023164809,0.10947536,2.269230769,2.339
0425.mp4,0.56540483,0.02453976,0.10476619,2.269230769,2.339
0426.mp4,0.6474243,0.028260028,0.12757179,2.269230769,2.339
0430.mp4,0.5496203,0.03636394,0.12755187,2.269230769,2.339
0431.mp4,0.8936786,0.026700651,0.20333338,2.269230769,2.339
0441.mp4,0.6866082,0.017542344,0.104185395,2.275862069,2.346
0445.mp4,0.6423385,0.022509083,0.111675546,2.275862069,2.346
0449.mp4,0.76282495,0.0219228,0.13433118,2.285714286,2.355
0457.mp4,0.87511563,0.05101325,0.26388955,2.285714286,2.355
0459.mp4,0.48268056,0.026516145,0.097409025,2.285714286,2.355
0463.mp4,0.5023299,0.022367846,0.09094416,2.285714286,2.355
0472.mp4,0.9422755,0.04475523,0.31425872,2.307692308,2.375
0476.mp4,0.8492777,0.021481613,0.16010813,2.307692308,2.375
0478.mp4,0.5929909,0.029967157,0.12175909,2.307692308,2.375
0484.mp4,0.94241655,0.04615663,0.31874245,2.307692308,2.375
0487.mp4,0.96427,0.04814522,0.36872983,2.307692308,2.375
0507.mp4,0.79888475,0.037947528,0.19217326,2.321428571,2.388
0514.mp4,0.8882404,0.032568447,0.22055225,2.323529412,2.39
0526.mp4,0.8231036,0.031574495,0.18383485,2.344827586,2.41
0533.mp4,0.77802825,0.03599794,0.1797372,2.346153846,2.411
0540.mp4,0.84617805,0.021589816,0.15927334,2.346153846,2.411
0544.mp4,0.2342403,0.011036988,0.038959846,2.346153846,2.411
0545.mp4,0.49474972,0.016876278,0.07660801,2.346153846,2.411
0551.mp4,0.86665237,0.034317635,0.21285416,2.346153846,2.411
0553.mp4,0.7324804,0.03207413,0.15613452,2.346153846,2.411
0554.mp4,0.9172607,0.05161517,0.301623,2.346153846,2.411
0557.mp4,0.96322465,0.040993433,0.34252673,2.352941176,2.417
0558.mp4,0.7357494,0.05812691,0.21396913,2.357142857,2.421
0571.mp4,0.75074935,0.037133075,0.1740024,2.357142857,2.421
0578.mp4,0.13779591,0.016109373,0.038255893,2.371428571,2.434
0583.mp4,0.9056527,0.032620803,0.23363678,2.379310345,2.442
0585.mp4,0.68206733,0.05062058,0.18362471,2.379310345,2.442
0589.mp4,0.78911895,0.035490364,0.18218185,2.379310345,2.442
0593.mp4,0.9119342,0.035119347,0.2475493,2.382352941,2.445
0595.mp4,0.90958434,0.041069362,0.2643111,2.382352941,2.445
0601.mp4,0.8952252,0.057689644,0.29541874,2.384615385,2.447
0602.mp4,0.9143163,0.03559722,0.2513409,2.384615385,2.447
0606.mp4,0.18943961,0.017036276,0.045579117,2.384615385,2.447
0619.mp4,0.83359396,0.027140189,0.174079,2.392857143,2.454
0627.mp4,0.93039995,0.0456613,0.30041972,2.392857143,2.454
0629.mp4,0.9855137,0.04587509,0.44809073,2.4,2.461
0635.mp4,0.75417495,0.058670655,0.22143342,2.411764706,2.472
0639.mp4,0.8186748,0.033653438,0.18814933,2.411764706,2.472
0642.mp4,0.9690488,0.058913257,0.41346607,2.411764706,2.472
0649.mp4,0.5914222,0.034936834,0.13220377,2.413793103,2.474
0657.mp4,0.8600246,0.048246183,0.2473325,2.423076923,2.482
0666.mp4,0.7116926,0.030110175,0.14585924,2.423076923,2.482
0669.mp4,0.8792337,0.028915124,0.20237048,2.423076923,2.482
0672.mp4,0.37658742,0.021559065,0.074113265,2.423076923,2.482
0683.mp4,0.95913947,0.07042859,0.41450328,2.423076923,2.482
0684.mp4,0.8816625,0.044959635,0.25294745,2.423076923,2.482
0686.mp4,0.93146056,0.04629169,0.30362383,2.428571429,2.487
0689.mp4,0.57721305,0.036928903,0.13362318,2.428571429,2.487
0692.mp4,0.8419096,0.04914968,0.2392686,2.428571429,2.487
0695.mp4,0.7132058,0.019835558,0.116522476,2.428571429,2.487
0699.mp4,0.77132934,0.047604717,0.20503792,2.428571429,2.487
0700.mp4,0.2128327,0.029801056,0.06688406,2.428571429,2.487
0704.mp4,0.7342814,0.030934468,0.15361972,2.428571429,2.487
0715.mp4,0.76798177,0.02603386,0.14873923,2.448275862,2.506
0716.mp4,0.9860082,0.05785275,0.4886646,2.448275862,2.506
0722.mp4,0.6262969,0.015638342,0.0888899,2.448275862,2.506
0723.mp4,0.391477,0.030276518,0.092130736,2.448275862,2.506
0726.mp4,0.80884653,0.045487024,0.2148543,2.457142857,2.514
0729.mp4,0.4292053,0.013500023,0.06119241,2.457142857,2.514
0730.mp4,0.7573685,0.028971521,0.1544304,2.461538462,2.518
0731.mp4,0.9179512,0.04133449,0.27325204,2.461538462,2.518
0732.mp4,0.5807394,0.031589836,0.123212464,2.461538462,2.518
0741.mp4,0.8637013,0.03374443,0.20943958,2.461538462,2.518
0742.mp4,0.8513922,0.026974468,0.18115672,2.461538462,2.518
0750.mp4,0.9670233,0.050118726,0.38236344,2.461538462,2.518
0753.mp4,0.89939636,0.032588717,0.22860153,2.461538462,2.518
0754.mp4,0.57649505,0.023808617,0.10464608,2.461538462,2.518
0757.mp4,0.43450704,0.01900808,0.07516786,2.461538462,2.518
0760.mp4,0.33301234,0.015328349,0.056707658,2.461538462,2.518
0774.mp4,0.9554009,0.03669705,0.30987802,2.464285714,2.521
0775.mp4,0.9773062,0.054953534,0.43278858,2.464285714,2.521
0790.mp4,0.8651678,0.06511808,0.28863677,2.485714286,2.541
0791.mp4,0.9111641,0.044532403,0.27597532,2.485714286,2.541
0793.mp4,0.82940596,0.03622763,0.19994791,2.485714286,2.541
0798.mp4,0.781644,0.026073014,0.15276624,2.5,2.554
0799.mp4,0.84436285,0.03997872,0.21731411,2.5,2.554
0800.mp4,0.6143452,0.026193593,0.11653925,2.5,2.554
0805.mp4,0.855259,0.049469877,0.24749373,2.5,2.554
0807.mp4,0.70920616,0.035858568,0.159509,2.5,2.554
0809.mp4,0.5115515,0.028734246,0.10612821,2.5,2.554
0813.mp4,0.50601023,0.02242134,0.09154345,2.5,2.554
0821.mp4,0.6558832,0.017398173,0.098770335,2.5,2.554
0824.mp4,0.8002795,0.009763722,0.09289221,2.5,2.554
0826.mp4,0.7908478,0.01789012,0.12711132,2.5,2.554
0828.mp4,0.8003816,0.044917345,0.20999645,2.5,2.554
0834.mp4,0.92074555,0.048275843,0.2964395,2.5,2.554
0838.mp4,0.795146,0.05671075,0.23367094,2.5,2.554
0841.mp4,0.59407204,0.0270099,0.115126975,2.5,2.554
0843.mp4,0.85654837,0.03739315,0.21644679,2.5,2.554
0854.mp4,0.9789023,0.064883776,0.4666514,2.514285714,2.567
0857.mp4,0.9836616,0.09184661,0.5493099,2.514285714,2.567
0859.mp4,0.95310044,0.07579478,0.41260934,2.514285714,2.567
0861.mp4,0.8931472,0.050429307,0.2759674,2.514285714,2.567
0869.mp4,0.8228216,0.03590174,0.1962022,2.517241379,2.57
0872.mp4,0.91562676,0.023701489,0.20740123,2.529411765,2.581
0887.mp4,0.69483554,0.03944187,0.16407113,2.535714286,2.587
0891.mp4,0.9154674,0.05050537,0.29677987,2.535714286,2.587
0893.mp4,0.95960206,0.053640272,0.373345,2.535714286,2.587
0894.mp4,0.69088715,0.029935112,0.14065872,2.535714286,2.587
0900.mp4,0.7861786,0.036995295,0.18509822,2.538461538,2.59
0905.mp4,0.99208474,0.06610554,0.56605095,2.538461538,2.59
0908.mp4,0.8551102,0.03903331,0.22032191,2.538461538,2.59
0911.mp4,0.90721333,0.035865054,0.24586383,2.538461538,2.59
0915.mp4,0.8854814,0.039930396,0.24156727,2.538461538,2.59
0917.mp4,0.74248874,0.0257643,0.14126617,2.538461538,2.59
0929.mp4,0.94923854,0.059508886,0.36727604,2.542857143,2.594
0930.mp4,0.33292985,0.03158027,0.086255416,2.542857143,2.594
0939.mp4,0.8549968,0.059427567,0.27002877,2.551724138,2.602
0949.mp4,0.5567741,0.029358516,0.11440166,2.558823529,2.608
0950.mp4,0.9576701,0.031176617,0.29267636,2.558823529,2.608
0952.mp4,0.8653378,0.031462625,0.20309849,2.558823529,2.608
0955.mp4,0.9545654,0.041351233,0.32466376,2.558823529,2.608
0959.mp4,0.9531166,0.051532466,0.35334492,2.571428571,2.62
0962.mp4,0.9254694,0.0756374,0.36667985,2.571428571,2.62
0963.mp4,0.907551,0.044982117,0.2738505,2.571428571,2.62
0968.mp4,0.61264664,0.025468549,0.11445737,2.571428571,2.62
0970.mp4,0.8881087,0.037298575,0.23555619,2.571428571,2.62
0983.mp4,0.48202267,0.026411235,0.0971007,2.571428571,2.62
0995.mp4,0.7194756,0.021822866,0.12409192,2.576923077,2.625
1006.mp4,0.6750494,0.043225605,0.16719352,2.576923077,2.625
1010.mp4,0.6632347,0.023591029,0.118315466,2.576923077,2.625
1011.mp4,0.99509394,0.06941241,0.61898667,2.576923077,2.625
1017.mp4,0.9842114,0.06886485,0.50510085,2.586206897,2.634
1019.mp4,0.9065254,0.03136375,0.22993597,2.586206897,2.634
1021.mp4,0.5547216,0.029573036,0.114537485,2.586206897,2.634
1027.mp4,0.93836296,0.047901943,0.3177857,2.586206897,2.634
1039.mp4,0.9810213,0.046341654,0.42337584,2.588235294,2.636
1041.mp4,0.82539296,0.034108046,0.19221057,2.6,2.647
1043.mp4,0.58230704,0.038863596,0.13838679,2.6,2.647
1047.mp4,0.6797171,0.041822527,0.16543058,2.6,2.647
1057.mp4,0.2326222,0.04032084,0.08318672,2.607142857,2.653
1060.mp4,0.859212,0.017539013,0.14772548,2.607142857,2.653
1064.mp4,0.33981842,0.019998245,0.06695976,2.615384615,2.661
1068.mp4,0.90432554,0.032019947,0.23047537,2.615384615,2.661
1069.mp4,0.6327409,0.027335819,0.122570306,2.615384615,2.661
1070.mp4,0.8200037,0.03318988,0.18734697,2.615384615,2.661
1075.mp4,0.6032564,0.021892915,0.1037788,2.615384615,2.661
1079.mp4,0.76763946,0.029091861,0.1576841,2.615384615,2.661
1098.mp4,0.9022141,0.07899977,0.3467326,2.615384615,2.661
1102.mp4,0.81900036,0.059378777,0.25008535,2.617647059,2.663
1111.mp4,0.9338105,0.0484455,0.3129448,2.617647059,2.663
1122.mp4,0.87356734,0.03647071,0.22348732,2.620689655,2.666
1128.mp4,0.980437,0.081050396,0.51071954,2.628571429,2.673
1134.mp4,0.6816736,0.02180538,0.11660113,2.642857143,2.687
1149.mp4,0.6875058,0.091336936,0.2506495,2.642857143,2.687
1156.mp4,0.90061384,0.046412013,0.2716363,2.647058824,2.69
1161.mp4,0.9822075,0.039825335,0.40613413,2.653846154,2.697
1168.mp4,0.6678125,0.03823028,0.1549139,2.653846154,2.697
1174.mp4,0.93265253,0.036739897,0.27489778,2.653846154,2.697
1181.mp4,0.99082196,0.09405632,0.6085906,2.653846154,2.697
1190.mp4,0.96511,0.039169677,0.3408008,2.653846154,2.697
1198.mp4,0.9522558,0.060277414,0.3750815,2.653846154,2.697
1200.mp4,0.6650057,0.04197978,0.1621938,2.653846154,2.697
1204.mp4,0.764184,0.026376236,0.14873071,2.655172414,2.698
1214.mp4,0.9328864,0.039323475,0.28387126,2.655172414,2.698
1215.mp4,0.95855016,0.05849536,0.38407063,2.657142857,2.7
1229.mp4,0.97063756,0.07645651,0.4606077,2.678571429,2.72
1231.mp4,0.653006,0.042387966,0.16021436,2.678571429,2.72
1232.mp4,0.92628866,0.035990376,0.26486883,2.678571429,2.72
1236.mp4,0.78744334,0.034975365,0.18022934,2.678571429,2.72
1242.mp4,0.9178425,0.038001645,0.26266158,2.678571429,2.72
1243.mp4,0.6611744,0.033815056,0.14357923,2.678571429,2.72
1247.mp4,0.91261554,0.034524795,0.2461585,2.678571429,2.72
1248.mp4,0.1880851,0.03983998,0.07500574,2.678571429,2.72
1249.mp4,0.7788094,0.05142914,0.21606301,2.678571429,2.72
1256.mp4,0.9453046,0.032834813,0.27794936,2.689655172,2.73
1264.mp4,0.92326486,0.025142748,0.22036828,2.689655172,2.73
1278.mp4,0.9708021,0.055223025,0.40899917,2.692307692,2.732
1281.mp4,0.85452163,0.044231657,0.2339729,2.692307692,2.732
1283.mp4,0.9326966,0.05686004,0.333994,2.692307692,2.732
1286.mp4,0.90311545,0.033488136,0.23455712,2.692307692,2.732
1290.mp4,0.95711076,0.06063146,0.3862953,2.692307692,2.732
1293.mp4,0.89173156,0.040810928,0.24868728,2.692307692,2.732
1300.mp4,0.9549642,0.038568385,0.31580502,2.692307692,2.732
1301.mp4,0.88060784,0.029118355,0.20390338,2.692307692,2.732
1311.mp4,0.92028785,0.03915621,0.2688688,2.705882353,2.745
1312.mp4,0.9850343,0.07770419,0.53024256,2.705882353,2.745
1329.mp4,0.9716557,0.075688496,0.46246856,2.714285714,2.753
1334.mp4,0.7921912,0.02355142,0.14776714,2.714285714,2.753
1335.mp4,0.96435946,0.08873564,0.46584484,2.714285714,2.753
1336.mp4,0.89722395,0.03893479,0.24733634,2.714285714,2.753
1339.mp4,0.95597035,0.06515155,0.39489844,2.714285714,2.753
1346.mp4,0.9730819,0.046016026,0.388703,2.714285714,2.753
1349.mp4,0.87309647,0.060398143,0.2841738,2.714285714,2.753
1357.mp4,0.26449174,0.04159005,0.0900076,2.724137931,2.762
1369.mp4,0.83771896,0.017175952,0.13814674,2.730769231,2.768
1371.mp4,0.9249055,0.049760364,0.30531636,2.730769231,2.768
1384.mp4,0.69493604,0.038105816,0.16111676,2.730769231,2.768
1389.mp4,0.8936726,0.03442369,0.23046726,2.730769231,2.768
1403.mp4,0.96681565,0.032309946,0.31834817,2.730769231,2.768
1404.mp4,0.9227218,0.057347577,0.32241827,2.730769231,2.768
1407.mp4,0.9257348,0.05859931,0.3291736,2.730769231,2.768
1409.mp4,0.64708906,0.021245677,0.108930975,2.730769231,2.768
1410.mp4,0.72665215,0.039973438,0.1737337,2.730769231,2.768
1416.mp4,0.8041518,0.042487234,0.20567608,2.730769231,2.768
1419.mp4,0.9773497,0.08330984,0.50071335,2.730769231,2.768
1420.mp4,0.9696493,0.07913906,0.46297675,2.735294118,2.772
1421.mp4,0.8943272,0.055665504,0.28986555,2.735294118,2.772
1430.mp4,0.7674221,0.047816265,0.20410433,2.742857143,2.779
1435.mp4,0.3346234,0.023285717,0.07252993,2.75,2.786
1446.mp4,0.8175375,0.039387546,0.20336595,2.75,2.786
1447.mp4,0.8701976,0.057594884,0.27592325,2.75,2.786
1452.mp4,0.83304447,0.029072983,0.18015085,2.75,2.786
1454.mp4,0.9502565,0.08259429,0.42059234,2.75,2.786
1456.mp4,0.6603515,0.028943801,0.1317787,2.75,2.786
1460.mp4,0.94185966,0.04623764,0.3181223,2.75862069,2.794
1461.mp4,0.8828963,0.06778867,0.3072709,2.75862069,2.794
1465.mp4,0.824544,0.03547093,0.19572623,2.75862069,2.794
1466.mp4,0.99566513,0.06728209,0.6255734,2.75862069,2.794
1471.mp4,0.9626048,0.061067797,0.4006841,2.75862069,2.794
1473.mp4,0.5981629,0.023840887,0.108036876,2.75862069,2.794
1487.mp4,0.9093866,0.022833144,0.19869816,2.769230769,2.804
1491.mp4,0.8237315,0.04504997,0.22039033,2.769230769,2.804
1495.mp4,0.4697263,0.025705699,0.09397477,2.769230769,2.804
1501.mp4,0.8945843,0.038064774,0.24264294,2.769230769,2.804
1502.mp4,0.7074817,0.044293635,0.17787346,2.769230769,2.804
1524.mp4,0.9549632,0.06466837,0.39153874,2.771428571,2.806
1530.mp4,0.7135575,0.034595747,0.15758447,2.785714286,2.819
1532.mp4,0.963088,0.06106253,0.40193483,2.785714286,2.819
1538.mp4,0.92221606,0.052176382,0.30864578,2.785714286,2.819
1541.mp4,0.7708699,0.05971882,0.2297165,2.785714286,2.819
1546.mp4,0.816393,0.023028528,0.15364565,2.785714286,2.819
1570.mp4,0.943316,0.040156987,0.30114025,2.793103448,2.826
1572.mp4,0.8200925,0.031121347,0.18128112,2.793103448,2.826
1593.mp4,0.97076696,0.06323227,0.43027687,2.807692308,2.84
1594.mp4,0.91637635,0.03143096,0.23871708,2.807692308,2.84
1596.mp4,0.6585221,0.038530696,0.15344861,2.807692308,2.84
1598.mp4,0.83945453,0.03195536,0.1919219,2.807692308,2.84
1600.mp4,0.6405052,0.07612198,0.21438551,2.807692308,2.84
1602.mp4,0.8098027,0.036369488,0.19218999,2.807692308,2.84
1604.mp4,0.86959225,0.061387338,0.28384435,2.807692308,2.84
1606.mp4,0.7510879,0.042176377,0.18605113,2.807692308,2.84
1607.mp4,0.74389714,0.052398983,0.20559312,2.807692308,2.84
1611.mp4,0.7603162,0.032476302,0.16491848,2.807692308,2.84
1615.mp4,0.7812515,0.050666302,0.21537486,2.807692308,2.84
1620.mp4,0.8370746,0.04131345,0.21726102,2.807692308,2.84
1622.mp4,0.93045115,0.03920612,0.28046772,2.807692308,2.84
1632.mp4,0.9649294,0.071130425,0.43119177,2.807692308,2.84
1635.mp4,0.7418115,0.024159262,0.13628922,2.807692308,2.84
1637.mp4,0.9812005,0.07273586,0.4967831,2.807692308,2.84
1639.mp4,0.9286578,0.06410083,0.34599262,2.807692308,2.84
1643.mp4,0.28948078,0.027512021,0.07405245,2.807692308,2.84
1649.mp4,0.7572249,0.042024434,0.18766119,2.807692308,2.84
1653.mp4,0.9776642,0.08109132,0.4976188,2.807692308,2.84
1654.mp4,0.6349515,0.029936606,0.129263,2.807692308,2.84
1661.mp4,0.91873324,0.045753054,0.28714117,2.821428571,2.852
1662.mp4,0.8516006,0.030039966,0.19150513,2.821428571,2.852
1665.mp4,0.94422466,0.044053826,0.3151423,2.821428571,2.852
1668.mp4,0.9630109,0.06319357,0.40710947,2.821428571,2.852
1678.mp4,0.90434927,0.06527378,0.32094368,2.821428571,2.852
1683.mp4,0.8643588,0.027716974,0.18999678,2.823529412,2.854
1684.mp4,0.79504913,0.034881625,0.18264182,2.823529412,2.854
1685.mp4,0.9749094,0.09331377,0.5094823,2.823529412,2.854
1688.mp4,0.98391056,0.052088123,0.45799944,2.823529412,2.854
1695.mp4,0.85426927,0.045400545,0.23683062,2.827586207,2.858
1705.mp4,0.89307845,0.061560325,0.30239993,2.827586207,2.858
1707.mp4,0.5092994,0.03229135,0.11295094,2.828571429,2.859
1722.mp4,0.49515143,0.02411377,0.093945906,2.846153846,2.875
1727.mp4,0.7741012,0.037225705,0.18157935,2.846153846,2.875
1729.mp4,0.9573109,0.03644103,0.3127499,2.846153846,2.875
1730.mp4,0.9695793,0.06607119,0.43338513,2.846153846,2.875
1731.mp4,0.9234909,0.045999415,0.29310358,2.846153846,2.875
1739.mp4,0.8970933,0.04203277,0.25640902,2.846153846,2.875
1752.mp4,0.88704014,0.031809222,0.21720715,2.846153846,2.875
1759.mp4,0.6345538,0.037830234,0.14674999,2.846153846,2.875
1766.mp4,0.95931715,0.04725172,0.35382694,2.846153846,2.875
1767.mp4,0.958756,0.03938818,0.326524,2.846153846,2.875
1773.mp4,0.9374353,0.05531631,0.33680698,2.852941176,2.882
1778.mp4,0.9271184,0.052256145,0.31474105,2.852941176,2.882
1795.mp4,0.96337,0.06564856,0.41408208,2.857142857,2.886
1797.mp4,0.8968611,0.044236705,0.26248437,2.857142857,2.886
1807.mp4,0.9748956,0.092027046,0.50709236,2.857142857,2.886
1808.mp4,0.83287907,0.055796713,0.24958447,2.857142857,2.886
1820.mp4,0.9501634,0.049355954,0.3413875,2.862068966,2.89
1824.mp4,0.90237606,0.039348334,0.2527706,2.862068966,2.89
1848.mp4,0.9165858,0.046823565,0.28790525,2.884615385,2.911
1852.mp4,0.9537576,0.025776112,0.2615436,2.884615385,2.911
1853.mp4,0.9828289,0.06679311,0.49178842,2.884615385,2.911
1855.mp4,0.8783653,0.045143288,0.251145,2.884615385,2.911
1863.mp4,0.93054765,0.047869515,0.30700293,2.884615385,2.911
1868.mp4,0.9175294,0.041908085,0.27456483,2.884615385,2.911
1887.mp4,0.9537616,0.054909058,0.36405867,2.884615385,2.911
1893.mp4,0.9325395,0.075620584,0.37640437,2.885714286,2.912
1896.mp4,0.99536836,0.108231165,0.69102794,2.892857143,2.919
1897.mp4,0.97936183,0.085112296,0.5135383,2.892857143,2.919
1909.mp4,0.9667067,0.081560984,0.45869607,2.892857143,2.919
1911.mp4,0.9519761,0.066420205,0.38944888,2.892857143,2.919
1913.mp4,0.9525242,0.061535962,0.37877744,2.892857143,2.919
1915.mp4,0.83615303,0.031248935,0.18829507,2.896551724,2.922
1928.mp4,0.9349313,0.03253503,0.26261854,2.896551724,2.922
1929.mp4,0.98872477,0.0823743,0.56748956,2.896551724,2.922
1941.mp4,0.946428,0.07970229,0.40745896,2.914285714,2.939
1951.mp4,0.9512299,0.06330021,0.38051876,2.923076923,2.947
1952.mp4,0.87487465,0.048929203,0.25855222,2.923076923,2.947
1958.mp4,0.6946858,0.04478937,0.1754472,2.923076923,2.947
1963.mp4,0.98468715,0.06462574,0.4977395,2.923076923,2.947
1969.mp4,0.925076,0.0375281,0.2687116,2.923076923,2.947
1972.mp4,0.79460067,0.047650225,0.21398126,2.923076923,2.947
1974.mp4,0.5022391,0.031478465,0.11026608,2.923076923,2.947
1981.mp4,0.80561745,0.05402005,0.23262143,2.923076923,2.947
1986.mp4,0.9109002,0.040451843,0.2636571,2.923076923,2.947
1987.mp4,0.6973558,0.022653725,0.12210483,2.923076923,2.947
1992.mp4,0.8374355,0.06931378,0.27954504,2.923076923,2.947
1996.mp4,0.7606187,0.036653284,0.17581882,2.923076923,2.947
2000.mp4,0.93059534,0.06215192,0.34405446,2.923076923,2.947
2013.mp4,0.94847554,0.05370325,0.3505866,2.928571429,2.952
2026.mp4,0.9610989,0.05099573,0.36931893,2.931034483,2.954
2033.mp4,0.91848266,0.05548422,0.31288874,2.931034483,2.954
2043.mp4,0.9557945,0.07295789,0.41236502,2.941176471,2.964
2060.mp4,0.9203015,0.05762076,0.3202461,2.942857143,2.965
2061.mp4,0.9644548,0.03973635,0.34116364,2.942857143,2.965
2062.mp4,0.88770103,0.047967084,0.26533133,2.961538462,2.983
2068.mp4,0.91119057,0.03193125,0.23587617,2.961538462,2.983
2071.mp4,0.9201596,0.04005401,0.2715758,2.961538462,2.983
2073.mp4,0.82389265,0.03573817,0.19619878,2.961538462,2.983
2074.mp4,0.9264909,0.050554536,0.30939436,2.961538462,2.983
2080.mp4,0.7990495,0.03360396,0.18056849,2.961538462,2.983
2092.mp4,0.9489659,0.059871387,0.36768124,2.961538462,2.983
2093.mp4,0.5497415,0.03300969,0.12091616,2.961538462,2.983
2094.mp4,0.8086824,0.06574477,0.2576181,2.961538462,2.983
2096.mp4,0.9521133,0.042046044,0.32228553,2.961538462,2.983
2097.mp4,0.9543654,0.080705255,0.42544717,2.961538462,2.983
2104.mp4,0.95152247,0.08045925,0.41892567,2.961538462,2.983
2106.mp4,0.9758208,0.08373116,0.4950383,2.961538462,2.983
2112.mp4,0.937184,0.081887,0.39595094,2.964285714,2.985
2132.mp4,0.9602409,0.055827968,0.38092813,2.964285714,2.985
2134.mp4,0.9810642,0.04615573,0.42296714,2.964285714,2.985
2138.mp4,0.9717057,0.102981605,0.51413417,2.964285714,2.985
2149.mp4,0.907603,0.035872392,0.24622312,2.965517241,2.986
2164.mp4,0.9081448,0.053373996,0.29679507,2.965517241,2.986
2178.mp4,0.93671083,0.05526768,0.33561194,2.970588235,2.991
2179.mp4,0.9844422,0.06018725,0.48459372,2.970588235,2.991
2188.mp4,0.85564697,0.05743083,0.2660834,2.971428571,2.992
2190.mp4,0.97099215,0.081701025,0.47276527,2.971428571,2.992
2191.mp4,0.8945535,0.04420326,0.26053244,2.971428571,2.992
2199.mp4,0.9287295,0.061437648,0.33986044,2.971428571,2.992
2203.mp4,0.8367152,0.030151093,0.18511838,3.0,3.018
2205.mp4,0.9005181,0.025388578,0.20289572,3.0,3.018
2208.mp4,0.9828373,0.06234142,0.48059452,3.0,3.018
2213.mp4,0.8252686,0.02768438,0.17257866,3.0,3.018
2215.mp4,0.937184,0.050707866,0.32403505,3.0,3.018
2232.mp4,0.89282817,0.04730634,0.26759082,3.0,3.018
2239.mp4,0.9729047,0.076233335,0.4681401,3.0,3.018
2240.mp4,0.91750515,0.052772854,0.3049068,3.0,3.018
2255.mp4,0.59971017,0.044784926,0.15311639,3.0,3.018
2264.mp4,0.9425499,0.06420304,0.36690876,3.0,3.018
2265.mp4,0.9078186,0.052717593,0.2948167,3.0,3.018
2268.mp4,0.96043926,0.07451772,0.42675158,3.0,3.018
2291.mp4,0.9397452,0.07091241,0.3775007,3.0,3.018
2303.mp4,0.8464501,0.050737526,0.24548927,3.0,3.018
2306.mp4,0.5267913,0.033357892,0.117830105,3.0,3.018
2315.mp4,0.90435314,0.019783774,0.18137217,3.0,3.018
2317.mp4,0.97451186,0.047272146,0.39802888,3.0,3.018
2320.mp4,0.88516146,0.054703422,0.28014928,3.0,3.018
2326.mp4,0.99159205,0.06950234,0.56828296,3.0,3.018
2327.mp4,0.9745822,0.045799218,0.39344707,3.0,3.018
2328.mp4,0.97574097,0.051789954,0.4169457,3.0,3.018
2330.mp4,0.98002255,0.07877244,0.5039098,3.0,3.018
2332.mp4,0.93838316,0.053529095,0.33349606,3.0,3.018
2333.mp4,0.97379434,0.09119887,0.5012828,3.0,3.018
2335.mp4,0.9642893,0.08297172,0.45450807,3.0,3.018
2340.mp4,0.96006,0.07237329,0.4211087,3.0,3.018
2343.mp4,0.9691367,0.055452403,0.40426978,3.028571429,3.045
2347.mp4,0.97003984,0.048199873,0.38556346,3.029411765,3.046
2359.mp4,0.98461837,0.07747297,0.5270496,3.029411765,3.046
2371.mp4,0.9061861,0.060691047,0.3124883,3.034482759,3.05
2376.mp4,0.97468793,0.06647012,0.45253193,3.034482759,3.05
2379.mp4,0.95794755,0.046106,0.34718594,3.034482759,3.05
2384.mp4,0.90191126,0.0782044,0.34491393,3.035714286,3.051
2385.mp4,0.901434,0.068253435,0.3244935,3.035714286,3.051
2389.mp4,0.9754979,0.09521015,0.5152387,3.035714286,3.051
2390.mp4,0.9810188,0.11261018,0.5687974,3.035714286,3.051
2391.mp4,0.24289702,0.028645515,0.06953951,3.035714286,3.051
2395.mp4,0.9671745,0.0633243,0.41912293,3.035714286,3.051
2396.mp4,0.9537659,0.08570512,0.43394822,3.035714286,3.051
2399.mp4,0.94758534,0.063528135,0.37412107,3.035714286,3.051
2408.mp4,0.7993749,0.04794964,0.21660182,3.038461538,3.054
2420.mp4,0.90723896,0.05501452,0.30000356,3.038461538,3.054
2428.mp4,0.90898037,0.06438151,0.32363936,3.038461538,3.054
2439.mp4,0.761236,0.026058385,0.14697368,3.038461538,3.054
2440.mp4,0.956664,0.06860888,0.40456608,3.038461538,3.054
2456.mp4,0.94610906,0.031678084,0.27464673,3.038461538,3.054
2462.mp4,0.9318494,0.083489165,0.39091897,3.038461538,3.054
2463.mp4,0.9914581,0.08678566,0.60243934,3.038461538,3.054
2466.mp4,0.95286644,0.048167914,0.34300765,3.057142857,3.071
2471.mp4,0.9495669,0.053148378,0.35106298,3.057142857,3.071
2473.mp4,0.91761595,0.07586358,0.35735413,3.057142857,3.071
2482.mp4,0.8625096,0.048437815,0.24931963,3.058823529,3.073
2484.mp4,0.9546494,0.06816454,0.39909026,3.058823529,3.073
2503.mp4,0.9178866,0.05217935,0.30378082,3.068965517,3.082
2505.mp4,0.9505216,0.07159012,0.39826334,3.068965517,3.082
2508.mp4,0.93250275,0.046072375,0.304336,3.068965517,3.082
2510.mp4,0.4259698,0.041550297,0.11589309,3.068965517,3.082
2512.mp4,0.94478816,0.058829125,0.35756543,3.071428571,3.085
2514.mp4,0.9948849,0.12406096,0.7027278,3.071428571,3.085
2516.mp4,0.9984211,0.08402861,0.741651,3.071428571,3.085
2524.mp4,0.9907905,0.13359533,0.66407055,3.071428571,3.085
2527.mp4,0.99287945,0.08296929,0.61232746,3.071428571,3.085
2532.mp4,0.8501638,0.03935321,0.21858275,3.076923077,3.09
2535.mp4,0.947138,0.06221951,0.3701369,3.076923077,3.09
2545.mp4,0.9413412,0.0808029,0.40063536,3.076923077,3.09
2554.mp4,0.9331278,0.072463125,0.37068123,3.076923077,3.09
2564.mp4,0.91083163,0.059315972,0.31397188,3.076923077,3.09
2568.mp4,0.8686073,0.030266777,0.20094457,3.076923077,3.09
2576.mp4,0.9912299,0.055589333,0.5281884,3.085714286,3.098
2579.mp4,0.9175523,0.0668916,0.338515,3.085714286,3.098
2587.mp4,0.7011346,0.040471364,0.16795102,3.085714286,3.098
2589.mp4,0.98214483,0.03545596,0.38815555,3.088235294,3.1
2596.mp4,0.9947126,0.07920057,0.632489,3.088235294,3.1
2597.mp4,0.9598343,0.026917487,0.27819437,3.088235294,3.1
2598.mp4,0.98098546,0.08891566,0.5289583,3.088235294,3.1
2599.mp4,0.8768704,0.032419004,0.21280172,3.088235294,3.1
2604.mp4,0.9703845,0.06053119,0.42205474,3.103448276,3.114
2610.mp4,0.9147566,0.044930324,0.2806552,3.103448276,3.114
2621.mp4,0.99436307,0.07787746,0.6240272,3.103448276,3.114
2623.mp4,0.9590272,0.06980845,0.41282478,3.103448276,3.114
2624.mp4,0.8921666,0.07183384,0.32329392,3.103448276,3.114
2627.mp4,0.87887925,0.050477386,0.26521325,3.103448276,3.114
2629.mp4,0.8136003,0.05519408,0.23875695,3.103448276,3.114
2642.mp4,0.98919815,0.056627385,0.51071256,3.107142857,3.118
2650.mp4,0.977495,0.09419985,0.5219116,3.107142857,3.118
2657.mp4,0.8480283,0.04741785,0.23839475,3.114285714,3.124
2660.mp4,0.79775566,0.057555903,0.23652087,3.114285714,3.124
2663.mp4,0.9454222,0.07508636,0.39613128,3.114285714,3.124
2665.mp4,0.93999535,0.059688546,0.35184258,3.114285714,3.124
2673.mp4,0.7464169,0.029320447,0.15243693,3.115384615,3.126
2679.mp4,0.873313,0.033183224,0.21314101,3.115384615,3.126
2686.mp4,0.9650191,0.051547978,0.38101536,3.115384615,3.126
2690.mp4,0.86834735,0.035537865,0.21755664,3.115384615,3.126
2699.mp4,0.8679668,0.032400742,0.20756738,3.115384615,3.126
2716.mp4,0.762496,0.062523805,0.2317757,3.115384615,3.126
2720.mp4,0.9418261,0.08261446,0.40500683,3.115384615,3.126
2723.mp4,0.9436908,0.083122395,0.40924102,3.115384615,3.126
2727.mp4,0.95204616,0.03305035,0.2897683,3.115384615,3.126
2730.mp4,0.9132781,0.03726793,0.25586855,3.115384615,3.126
2737.mp4,0.9870712,0.069129944,0.5254545,3.117647059,3.128
2750.mp4,0.9222806,0.06712764,0.34465858,3.137931034,3.146
2751.mp4,0.99376315,0.0708018,0.599705,3.137931034,3.146
2754.mp4,0.9963223,0.085569054,0.67621285,3.137931034,3.146
2756.mp4,0.59595,0.085051276,0.21438912,3.137931034,3.146
2772.mp4,0.9728141,0.07904298,0.4737746,3.142857143,3.151
2783.mp4,0.9283387,0.05210128,0.31585932,3.142857143,3.151
2795.mp4,0.9521624,0.07904062,0.4173783,3.142857143,3.151
2797.mp4,0.7944606,0.053309575,0.2263068,3.142857143,3.151
2805.mp4,0.9829677,0.05944152,0.4736247,3.147058824,3.155
2816.mp4,0.9756064,0.07784131,0.48205677,3.153846154,3.161
2824.mp4,0.8407737,0.039013136,0.21291105,3.153846154,3.161
2834.mp4,0.9537679,0.025582854,0.2606515,3.153846154,3.161
2836.mp4,0.874074,0.052496884,0.26676556,3.153846154,3.161
2838.mp4,0.9777009,0.05645623,0.43879595,3.153846154,3.161
2845.mp4,0.9887468,0.078268155,0.55933136,3.153846154,3.161
2854.mp4,0.9240659,0.065311454,0.34282634,3.153846154,3.161
2870.mp4,0.8362477,0.05404938,0.24752177,3.171428571,3.178
2875.mp4,0.9878939,0.14629206,0.6543533,3.172413793,3.178
2877.mp4,0.9602262,0.07329354,0.42355067,3.172413793,3.178
2887.mp4,0.91037977,0.062001497,0.31973183,3.172413793,3.178
2890.mp4,0.9711693,0.05121567,0.39852998,3.176470588,3.182
2891.mp4,0.8695956,0.0522865,0.2632202,3.176470588,3.182
2894.mp4,0.954224,0.10992052,0.47666326,3.176470588,3.182
2901.mp4,0.99111474,0.12970924,0.66258407,3.178571429,3.184
2903.mp4,0.96038175,0.083622105,0.445391,3.178571429,3.184
2905.mp4,0.9794017,0.049856912,0.4268794,3.178571429,3.184
2909.mp4,0.9832818,0.07091375,0.50424653,3.178571429,3.184
2911.mp4,0.8756218,0.062989324,0.29161182,3.178571429,3.184
2927.mp4,0.96434695,0.06572383,0.41691756,3.192307692,3.197
2933.mp4,0.98866194,0.070082285,0.5405766,3.192307692,3.197
2937.mp4,0.9737675,0.049281362,0.4016723,3.192307692,3.197
2939.mp4,0.9623391,0.06364835,0.4064797,3.192307692,3.197
2941.mp4,0.93242466,0.07242042,0.36957225,3.192307692,3.197
2944.mp4,0.82442814,0.06137959,0.25689057,3.192307692,3.197
2957.mp4,0.913421,0.023028413,0.2026745,3.192307692,3.197
2970.mp4,0.9080701,0.061467186,0.31614646,3.2,3.204
2971.mp4,0.9753764,0.064623706,0.45070383,3.2,3.204
2977.mp4,0.95217484,0.057872053,0.36874875,3.205882353,3.21
2996.mp4,0.9088986,0.06494439,0.3247997,3.206896552,3.211
2997.mp4,0.9806842,0.09133583,0.53189,3.206896552,3.211
2998.mp4,0.9453674,0.05845982,0.35762605,3.206896552,3.211
3003.mp4,0.9844507,0.069678195,0.50853664,3.214285714,3.217
3012.mp4,0.99243015,0.124266855,0.6699138,3.214285714,3.217
3017.mp4,0.97451955,0.10786385,0.5324775,3.214285714,3.217
3019.mp4,0.952007,0.0487989,0.34322345,3.214285714,3.217
3021.mp4,0.9726635,0.08975063,0.4943691,3.228571429,3.231
3023.mp4,0.89660054,0.038686603,0.24609336,3.228571429,3.231
3029.mp4,0.97312874,0.07575063,0.46792305,3.230769231,3.233
3035.mp4,0.98271203,0.08744514,0.53558236,3.230769231,3.233
3036.mp4,0.9710084,0.062352143,0.42885554,3.230769231,3.233
3047.mp4,0.97559637,0.09054855,0.50720006,3.230769231,3.233
3049.mp4,0.99258935,0.09537844,0.6306096,3.230769231,3.233
3053.mp4,0.9096985,0.052240025,0.29543468,3.230769231,3.233
3065.mp4,0.8090709,0.038564257,0.19773163,3.230769231,3.233
3069.mp4,0.99343514,0.06807514,0.5886467,3.230769231,3.233
3074.mp4,0.87732595,0.06961396,0.30659947,3.230769231,3.233
3096.mp4,0.8563523,0.03744742,0.21649738,3.230769231,3.233
3101.mp4,0.99376667,0.07667555,0.6122967,3.235294118,3.237
3102.mp4,0.9879566,0.08542982,0.56706953,3.235294118,3.237
3103.mp4,0.8593984,0.046835173,0.24343567,3.235294118,3.237
3118.mp4,0.9792332,0.056353226,0.4454958,3.24137931,3.243
3123.mp4,0.65145564,0.06960832,0.207687,3.24137931,3.243
3134.mp4,0.9768379,0.10102331,0.5308432,3.25,3.251
3138.mp4,0.98181826,0.06791515,0.48884457,3.25,3.251
3154.mp4,0.9811647,0.1293787,0.59300137,3.264705882,3.264
3157.mp4,0.9848683,0.09418923,0.560996,3.264705882,3.264
3165.mp4,0.9595473,0.07238065,0.4198631,3.269230769,3.268
3170.mp4,0.9576813,0.07446719,0.41995904,3.269230769,3.268
3175.mp4,0.88027835,0.08532693,0.33835423,3.269230769,3.268
3182.mp4,0.98191744,0.075067736,0.50584054,3.269230769,3.268
3183.mp4,0.92918533,0.09918394,0.41488278,3.269230769,3.268
3192.mp4,0.95218575,0.06220474,0.37974924,3.269230769,3.268
3195.mp4,0.9235763,0.054939605,0.3174038,3.269230769,3.268
3196.mp4,0.9133086,0.04838051,0.28884,3.269230769,3.268
3197.mp4,0.9906322,0.11136892,0.63372916,3.269230769,3.268
3200.mp4,0.9778261,0.054432984,0.43354797,3.269230769,3.268
3203.mp4,0.94058657,0.039309297,0.29423848,3.269230769,3.268
3204.mp4,0.99517787,0.101628095,0.67835623,3.269230769,3.268
3212.mp4,0.9239864,0.052665897,0.31201282,3.269230769,3.268
3213.mp4,0.93006563,0.06367508,0.34690052,3.269230769,3.268
3216.mp4,0.97200644,0.05180525,0.40313655,3.275862069,3.275
3221.mp4,0.97623104,0.040068682,0.37958622,3.275862069,3.275
3223.mp4,0.98969275,0.08337067,0.57809764,3.275862069,3.275
3228.mp4,0.9387462,0.059519906,0.34947857,3.275862069,3.275
3252.mp4,0.80087155,0.0500035,0.22183329,3.285714286,3.284
3253.mp4,0.99053943,0.06431696,0.54432285,3.285714286,3.284
3254.mp4,0.8233133,0.052318662,0.23711787,3.285714286,3.284
3257.mp4,0.53126276,0.039012965,0.1293206,3.285714286,3.284
3260.mp4,0.98846394,0.07773769,0.5558077,3.294117647,3.292
3262.mp4,0.97864944,0.091140576,0.5216031,3.294117647,3.292
3263.mp4,0.99134797,0.11692071,0.6486294,3.294117647,3.292
3270.mp4,0.97253674,0.072508216,0.45858222,3.307692308,3.304
3281.mp4,0.9128336,0.04161734,0.26902133,3.307692308,3.304
3287.mp4,0.97997403,0.06422326,0.47015262,3.307692308,3.304
3290.mp4,0.973346,0.04928771,0.40015998,3.307692308,3.304
3291.mp4,0.9828447,0.064643525,0.48653919,3.307692308,3.304
3295.mp4,0.9707092,0.06309329,0.4297315,3.307692308,3.304
3301.mp4,0.9150904,0.050837085,0.29726326,3.307692308,3.304
3305.mp4,0.9861248,0.08251424,0.54757565,3.307692308,3.304
3313.mp4,0.66461855,0.05018915,0.17822874,3.307692308,3.304
3315.mp4,0.91603583,0.07017941,0.34384158,3.307692308,3.304
3317.mp4,0.99260074,0.110792756,0.654159,3.307692308,3.304
3320.mp4,0.9640039,0.0777633,0.44306868,3.310344828,3.307
3327.mp4,0.9833492,0.08009643,0.52472395,3.310344828,3.307
3328.mp4,0.95261914,0.039662283,0.31516406,3.310344828,3.307
3336.mp4,0.9807311,0.072927505,0.49476746,3.314285714,3.31
3339.mp4,0.86547977,0.05893675,0.27570376,3.314285714,3.31
3340.mp4,0.93173563,0.053614862,0.3243026,3.321428571,3.317
3341.mp4,0.9696316,0.072814666,0.44927117,3.321428571,3.317
3343.mp4,0.9567281,0.08382902,0.43695793,3.321428571,3.317
3347.mp4,0.8793165,0.069487035,0.30788916,3.321428571,3.317
3348.mp4,0.92556924,0.060599294,0.3337931,3.321428571,3.317
3350.mp4,0.9800203,0.096911676,0.5384813,3.321428571,3.317
3351.mp4,0.99172884,0.11383932,0.6484616,3.321428571,3.317
3359.mp4,0.9105649,0.056088455,0.30594733,3.323529412,3.319
3362.mp4,0.99305844,0.11446237,0.66481787,3.323529412,3.319
3365.mp4,0.94305956,0.08724031,0.41594413,3.342857143,3.337
3383.mp4,0.9773276,0.06353192,0.4561136,3.344827586,3.339
3389.mp4,0.98365,0.05464964,0.46411067,3.344827586,3.339
3392.mp4,0.9834236,0.082462996,0.52998805,3.346153846,3.34
3393.mp4,0.9346198,0.081484325,0.39119387,3.346153846,3.34
3396.mp4,0.94863117,0.078070134,0.40831777,3.346153846,3.34
3399.mp4,0.9749775,0.05119874,0.41214904,3.346153846,3.34
3404.mp4,0.9261059,0.03709597,0.2684135,3.346153846,3.34
3406.mp4,0.9900619,0.06988023,0.5529664,3.346153846,3.34
3409.mp4,0.9794555,0.06826503,0.47756484,3.346153846,3.34
3422.mp4,0.8150615,0.0522329,0.2330246,3.346153846,3.34
3427.mp4,0.9597205,0.08058237,0.43766314,3.346153846,3.34
3441.mp4,0.970317,0.11808513,0.5327604,3.346153846,3.34
3447.mp4,0.8411203,0.014867573,0.12892838,3.346153846,3.34
3448.mp4,0.94327706,0.046674278,0.3216507,3.352941176,3.346
3455.mp4,0.95657706,0.103236176,0.47134215,3.352941176,3.346
3468.mp4,0.96059155,0.057213172,0.38552558,3.357142857,3.35
3473.mp4,0.9711657,0.120088525,0.53855556,3.357142857,3.35
3476.mp4,0.88893044,0.06618654,0.30889457,3.357142857,3.35
3481.mp4,0.92708665,0.05841965,0.33044124,3.371428571,3.363
3490.mp4,0.9644693,0.06857043,0.42401627,3.379310345,3.371
3493.mp4,0.977256,0.06741204,0.46542096,3.379310345,3.371
3497.mp4,0.9916453,0.055398867,0.53238463,3.379310345,3.371
3498.mp4,0.9647646,0.073999085,0.43711922,3.379310345,3.371
3514.mp4,0.9973316,0.11643721,0.7447489,3.382352941,3.374
3519.mp4,0.9190042,0.06940092,0.34564045,3.384615385,3.376
3522.mp4,0.909834,0.048888244,0.2867704,3.384615385,3.376
3530.mp4,0.8778125,0.041432638,0.24062613,3.384615385,3.376
3537.mp4,0.9394563,0.074381694,0.38444728,3.384615385,3.376
3542.mp4,0.9518826,0.037622955,0.30663204,3.384615385,3.376
3555.mp4,0.96191704,0.070919484,0.42256197,3.384615385,3.376
3556.mp4,0.9883463,0.07074396,0.5394203,3.384615385,3.376
3558.mp4,0.93881303,0.047691945,0.31783462,3.384615385,3.376
3570.mp4,0.7797308,0.0432896,0.19828393,3.4,3.39
3579.mp4,0.9853468,0.11669724,0.59966433,3.411764706,3.401
3580.mp4,0.96659887,0.08345379,0.462164,3.411764706,3.401
3581.mp4,0.9635122,0.07453351,0.43481538,3.411764706,3.401
3582.mp4,0.98070025,0.08588853,0.5217064,3.411764706,3.401
3583.mp4,0.9857913,0.08114073,0.5424816,3.411764706,3.401
3593.mp4,0.99078584,0.07270014,0.5667032,3.413793103,3.403
3594.mp4,0.9758815,0.062142625,0.44643977,3.413793103,3.403
3595.mp4,0.944743,0.055811293,0.3496945,3.413793103,3.403
3608.mp4,0.9911205,0.07783707,0.5812787,3.413793103,3.403
3610.mp4,0.7467608,0.052365497,0.20648731,3.413793103,3.403
3614.mp4,0.9051753,0.056994732,0.30282626,3.423076923,3.411
3620.mp4,0.893158,0.044288598,0.25966668,3.423076923,3.411
3625.mp4,0.985782,0.056399863,0.4829679,3.423076923,3.411
3636.mp4,0.997118,0.10697497,0.7275963,3.423076923,3.411
3638.mp4,0.95404917,0.07394394,0.41068092,3.423076923,3.411
3642.mp4,0.9873855,0.058572356,0.50089383,3.423076923,3.411
3650.mp4,0.93222046,0.10861187,0.43447158,3.423076923,3.411
3655.mp4,0.9864623,0.083121955,0.55119234,3.423076923,3.411
3656.mp4,0.996747,0.144632,0.7586962,3.423076923,3.411
3658.mp4,0.9207813,0.09516721,0.39675662,3.423076923,3.411
3664.mp4,0.97520316,0.11056715,0.5393989,3.428571429,3.416
3676.mp4,0.93923444,0.04989095,0.32476756,3.428571429,3.416
3680.mp4,0.96737903,0.07853391,0.4545089,3.441176471,3.428
3686.mp4,0.9572354,0.097363725,0.4630002,3.441176471,3.428
3695.mp4,0.9749806,0.11403788,0.5437888,3.448275862,3.435
3696.mp4,0.9859531,0.09411343,0.56809187,3.448275862,3.435
3701.mp4,0.948462,0.035421602,0.292708,3.448275862,3.435
3704.mp4,0.954128,0.06825448,0.3981787,3.448275862,3.435
3708.mp4,0.93693495,0.049975093,0.32163003,3.457142857,3.443
3710.mp4,0.9831413,0.06880678,0.49846894,3.461538462,3.447
3712.mp4,0.9441966,0.045922484,0.32085577,3.461538462,3.447
3717.mp4,0.99153465,0.08899468,0.60730433,3.461538462,3.447
3718.mp4,0.95843476,0.11796351,0.49863526,3.461538462,3.447
3720.mp4,0.9695137,0.07601002,0.45590207,3.461538462,3.447
3721.mp4,0.9402179,0.053349257,0.33580443,3.461538462,3.447
3722.mp4,0.9772095,0.09075599,0.5144025,3.461538462,3.447
3728.mp4,0.9652664,0.09551916,0.4807848,3.461538462,3.447
3729.mp4,0.9716067,0.09147435,0.49376085,3.461538462,3.447
3732.mp4,0.864831,0.05075523,0.2564412,3.461538462,3.447
3738.mp4,0.9484558,0.05344312,0.34983814,3.461538462,3.447
3740.mp4,0.98135275,0.06624547,0.48226976,3.461538462,3.447
3742.mp4,0.93214256,0.08286777,0.39016402,3.461538462,3.447
3759.mp4,0.70903784,0.04395146,0.17757852,3.464285714,3.45
3761.mp4,0.9537232,0.06483477,0.38929898,3.464285714,3.45
3762.mp4,0.66217417,0.048524965,0.17446454,3.470588235,3.455
3764.mp4,0.80339926,0.019032516,0.13493583,3.470588235,3.455
3765.mp4,0.979538,0.09006881,0.5238426,3.470588235,3.455
3767.mp4,0.9939804,0.10216621,0.65991974,3.470588235,3.455
3771.mp4,0.9165681,0.061738685,0.3257979,3.482758621,3.467
3772.mp4,0.9860131,0.09468275,0.56950456,3.482758621,3.467
3781.mp4,0.98944736,0.119995706,0.6348036,3.482758621,3.467
3783.mp4,0.9966889,0.11345343,0.7248328,3.482758621,3.467
3785.mp4,0.9967055,0.107652895,0.7179899,3.482758621,3.467
3790.mp4,0.92600405,0.04567406,0.29508215,3.5,3.483
3792.mp4,0.9686547,0.08114104,0.4638757,3.5,3.483
3795.mp4,0.9861304,0.10475725,0.5870319,3.5,3.483
3797.mp4,0.94980925,0.07424767,0.4026178,3.5,3.483
3799.mp4,0.99465585,0.08160961,0.6361335,3.5,3.483
3814.mp4,0.92837703,0.045285236,0.29679662,3.5,3.483
3815.mp4,0.9673602,0.08927982,0.47570422,3.5,3.483
3818.mp4,0.99555826,0.09153721,0.66990185,3.5,3.483
3821.mp4,0.96389407,0.07976991,0.44693324,3.5,3.483
3826.mp4,0.9847936,0.085471526,0.5444139,3.5,3.483
3829.mp4,0.9939067,0.10783174,0.6670714,3.5,3.483
3836.mp4,0.9944307,0.094553076,0.6549754,3.5,3.483
3838.mp4,0.959199,0.082715966,0.4406549,3.5,3.483
3839.mp4,0.9722077,0.08044656,0.47448224,3.5,3.483
3845.mp4,0.991975,0.08474397,0.60450417,3.5,3.483
3860.mp4,0.9927275,0.05874222,0.5553049,3.517241379,3.499
3866.mp4,0.9947961,0.06993741,0.614701,3.517241379,3.499
3871.mp4,0.9774399,0.054831553,0.43301445,3.529411765,3.51
3878.mp4,0.9534492,0.07876898,0.4195364,3.535714286,3.516
3880.mp4,0.98648864,0.10806113,0.5946581,3.538461538,3.519
3883.mp4,0.9791364,0.12540951,0.577846,3.538461538,3.519
3884.mp4,0.95617694,0.09874559,0.46289602,3.538461538,3.519
3885.mp4,0.92225194,0.05304889,0.31097218,3.538461538,3.519
3886.mp4,0.67227656,0.05260278,0.18471734,3.538461538,3.519
3888.mp4,0.98810005,0.067555055,0.5298451,3.538461538,3.519
3895.mp4,0.97793317,0.114147745,0.5563524,3.538461538,3.519
3904.mp4,0.98255193,0.09300504,0.5449466,3.538461538,3.519
3908.mp4,0.9685674,0.06280601,0.42207134,3.538461538,3.519
3909.mp4,0.975904,0.08718654,0.5021299,3.538461538,3.519
3918.mp4,0.91481733,0.06092214,0.3219671,3.542857143,3.523
3925.mp4,0.95584714,0.05258431,0.3619604,3.551724138,3.531
3928.mp4,0.75664467,0.06671045,0.23712619,3.551724138,3.531
3930.mp4,0.9963398,0.119207,0.7238301,3.551724138,3.531
3948.mp4,0.96686155,0.1340693,0.5437857,3.571428571,3.549
3951.mp4,0.98735726,0.08871968,0.56856805,3.571428571,3.549
3952.mp4,0.9845673,0.109136924,0.58357805,3.571428571,3.549
3954.mp4,0.95554835,0.049589317,0.35266703,3.576923077,3.554
3957.mp4,0.8303062,0.05468878,0.24583592,3.576923077,3.554
3959.mp4,0.98790914,0.09240216,0.5795464,3.576923077,3.554
3963.mp4,0.94050884,0.06476804,0.3648835,3.576923077,3.554
3967.mp4,0.99552554,0.07826208,0.6457425,3.576923077,3.554
3971.mp4,0.9779961,0.09995025,0.53412926,3.576923077,3.554
3977.mp4,0.9936575,0.10562519,0.66041255,3.576923077,3.554
3991.mp4,0.983116,0.05758654,0.46936634,3.586206897,3.563
3992.mp4,0.9913516,0.045907147,0.49883145,3.586206897,3.563
3995.mp4,0.9338013,0.10419421,0.42992944,3.586206897,3.563
4009.mp4,0.85570073,0.045658965,0.23830287,3.6,3.576
4018.mp4,0.8893207,0.063526995,0.30353516,3.607142857,3.582
4020.mp4,0.95827574,0.06482284,0.3993491,3.615384615,3.59
4022.mp4,0.9924435,0.08253939,0.6059519,3.615384615,3.59
4026.mp4,0.98277414,0.052066635,0.45122924,3.615384615,3.59
4031.mp4,0.9288631,0.077155754,0.37431046,3.615384615,3.59
4035.mp4,0.9588252,0.05398674,0.3725069,3.615384615,3.59
4037.mp4,0.9936274,0.076550335,0.60997987,3.615384615,3.59
4054.mp4,0.9770518,0.039699018,0.38150156,3.620689655,3.595
4057.mp4,0.99743086,0.12210392,0.7537166,3.620689655,3.595
4063.mp4,0.95498246,0.10748346,0.47453436,3.620689655,3.595
4064.mp4,0.7309361,0.062544204,0.22042759,3.620689655,3.595
4069.mp4,0.9839587,0.09463229,0.5560788,3.628571429,3.602
4072.mp4,0.96947026,0.098194115,0.4984306,3.642857143,3.616
4073.mp4,0.9875795,0.11042552,0.6061872,3.642857143,3.616
4078.mp4,0.9883867,0.12153401,0.6280811,3.647058824,3.619
4084.mp4,0.98941386,0.102313995,0.60877997,3.653846154,3.626
4087.mp4,0.9881246,0.11078385,0.61093414,3.653846154,3.626
4091.mp4,0.9805068,0.053845175,0.44444764,3.653846154,3.626
4098.mp4,0.88623905,0.08335847,0.3399158,3.653846154,3.626
4103.mp4,0.9785645,0.06009464,0.4526829,3.653846154,3.626
4105.mp4,0.98637956,0.113251925,0.6016343,3.653846154,3.626
4115.mp4,0.9586175,0.06784954,0.40733325,3.655172414,3.627
4120.mp4,0.98378307,0.07598154,0.5186205,3.655172414,3.627
4123.mp4,0.9629123,0.09285427,0.4694218,3.655172414,3.627
4125.mp4,0.9813246,0.041226927,0.406806,3.655172414,3.627
4131.mp4,0.9930663,0.10531295,0.65207237,3.678571429,3.649
4132.mp4,0.9955694,0.11113669,0.698562,3.678571429,3.649
4133.mp4,0.9756948,0.08923419,0.50515205,3.678571429,3.649
4142.mp4,0.9928818,0.10881543,0.65480334,3.689655172,3.659
4148.mp4,0.98145044,0.044641826,0.41976294,3.689655172,3.659
4149.mp4,0.6764261,0.04049005,0.16180617,3.689655172,3.659
4151.mp4,0.98870325,0.1106537,0.6154119,3.692307692,3.661
4152.mp4,0.9430803,0.08437264,0.41056958,3.692307692,3.661
4154.mp4,0.90985,0.042626143,0.26919347,3.692307692,3.661
4156.mp4,0.9715683,0.07244529,0.45499396,3.692307692,3.661
4183.mp4,0.87541205,0.03777386,0.2285258,3.714285714,3.682
4187.mp4,0.8964971,0.03436065,0.23234542,3.714285714,3.682
4218.mp4,0.9312496,0.10836363,0.43262646,3.730769231,3.697
4222.mp4,0.9673145,0.090967424,0.47869733,3.742857143,3.708
4224.mp4,0.98486716,0.09303533,0.5589431,3.75,3.715
4228.mp4,0.94909227,0.053898465,0.35224715,3.75,3.715
4230.mp4,0.9935842,0.08623523,0.62802136,3.75862069,3.723
4231.mp4,0.9751354,0.08594806,0.496605,3.75862069,3.723
4234.mp4,0.9360465,0.08169865,0.39380145,3.75862069,3.723
4237.mp4,0.97524875,0.06403052,0.44870347,3.764705882,3.729
4243.mp4,0.93837833,0.10189353,0.43351728,3.769230769,3.733
4244.mp4,0.9928052,0.08506631,0.6153053,3.769230769,3.733
4245.mp4,0.98305815,0.08345133,0.529811,3.769230769,3.733
4254.mp4,0.97308433,0.10450244,0.5216242,3.769230769,3.733
4265.mp4,0.9257642,0.080667384,0.37702653,3.769230769,3.733
4269.mp4,0.7789474,0.06457835,0.24214534,3.771428571,3.735
4274.mp4,0.9932033,0.09949431,0.64504683,3.785714286,3.748
4281.mp4,0.9913566,0.09247993,0.61149615,3.793103448,3.755
4284.mp4,0.99262846,0.1428246,0.69344014,3.793103448,3.755
4288.mp4,0.99341184,0.08813605,0.6289973,3.794117647,3.756
4290.mp4,0.9750323,0.09932971,0.5205125,3.8,3.762
4294.mp4,0.9977951,0.13813615,0.77984923,3.807692308,3.769
4303.mp4,0.98046196,0.046335094,0.4205391,3.807692308,3.769
4311.mp4,0.87723297,0.04724936,0.25588897,3.827586207,3.787
4312.mp4,0.9892396,0.12413788,0.63848525,3.827586207,3.787
4314.mp4,0.9926959,0.105229594,0.6473006,3.827586207,3.787
4315.mp4,0.9875136,0.03780416,0.43217632,3.827586207,3.787
4316.mp4,0.94933856,0.12043605,0.4820326,3.828571429,3.788
4318.mp4,0.9870886,0.0954019,0.57847875,3.828571429,3.788
4333.mp4,0.98133886,0.08495469,0.5232199,3.857142857,3.815
4338.mp4,0.99424064,0.09709216,0.6560447,3.857142857,3.815
4343.mp4,0.9921874,0.12544845,0.6686323,3.862068966,3.819
4353.mp4,0.8858518,0.12054363,0.39777786,3.884615385,3.84
4356.mp4,0.9439989,0.07010505,0.3828646,3.884615385,3.84
4361.mp4,0.94522107,0.074172504,0.39383873,3.896551724,3.851
4362.mp4,0.99243754,0.109199926,0.6499624,3.911764706,3.865
4364.mp4,0.97449964,0.054667518,0.42057833,3.911764706,3.865
4370.mp4,0.98831683,0.08946101,0.5775485,3.923076923,3.876
4377.mp4,0.8712699,0.106787995,0.36552334,3.923076923,3.876
4380.mp4,0.97264796,0.08494325,0.4851117,3.923076923,3.876
4382.mp4,0.9907774,0.08420559,0.59033614,3.928571429,3.881
4386.mp4,0.9861455,0.11592042,0.6038671,3.931034483,3.883
4388.mp4,0.9570956,0.11528552,0.49144453,3.931034483,3.883
4389.mp4,0.9956708,0.08860602,0.6672886,3.931034483,3.883
4391.mp4,0.98704535,0.111240596,0.60342294,3.941176471,3.893
4393.mp4,0.99010885,0.11218256,0.6299183,3.961538462,3.912
4412.mp4,0.99318624,0.1210692,0.6750145,4.0,3.947
4413.mp4,0.9890203,0.10723233,0.612972,4.0,3.947
4414.mp4,0.9253517,0.09461096,0.401824,4.0,3.947
4418.mp4,0.9504754,0.08730808,0.43008336,4.0,3.947
4420.mp4,0.98140794,0.116001874,0.5758164,4.0,3.947
4421.mp4,0.3822707,0.065889075,0.14117952,4.0,3.947
4423.mp4,0.981294,0.06283742,0.4733597,4.0,3.947
4426.mp4,0.9985495,0.12751135,0.7976918,4.0,3.947
4427.mp4,0.9953015,0.12283171,0.7081967,4.0,3.947
4433.mp4,0.9951822,0.14943747,0.7340587,4.034482759,3.979
4437.mp4,0.9934847,0.12078737,0.6785039,4.035714286,3.98
4438.mp4,0.9879953,0.12738772,0.63267684,4.038461538,3.983
4439.mp4,0.9902789,0.12317969,0.6464296,4.038461538,3.983
4448.mp4,0.9564077,0.07395898,0.4159245,4.071428571,4.014
4454.mp4,0.9681505,0.07865307,0.45714805,4.076923077,4.019
4455.mp4,0.9579886,0.088173866,0.44825077,4.076923077,4.019
4461.mp4,0.9983613,0.120635465,0.78341633,4.103448276,4.043
4462.mp4,0.98508364,0.10532693,0.5809431,4.103448276,4.043
4463.mp4,0.9950911,0.15318693,0.73610044,4.107142857,4.047
4469.mp4,0.98776835,0.11099044,0.60846394,4.115384615,4.055
4470.mp4,0.9958103,0.097066335,0.68354815,4.115384615,4.055
4474.mp4,0.99194145,0.10644633,0.6402502,4.115384615,4.055
4477.mp4,0.9948354,0.059425727,0.58996075,4.137931034,4.075
4482.mp4,0.99921656,0.17432116,0.86255944,4.153846154,4.09
4484.mp4,0.98865896,0.09518988,0.5905336,4.153846154,4.09
4497.mp4,0.9894797,0.12169092,0.63733834,4.206896552,4.14
4504.mp4,0.9659818,0.08813822,0.46940044,4.25,4.18
4517.mp4,0.98725253,0.084438324,0.55964106,4.310344828,4.236
4521.mp4,0.9963965,0.11586962,0.7211147,4.346153846,4.269
4523.mp4,0.9916265,0.07030546,0.5705266,4.346153846,4.269
4524.mp4,0.9761355,0.09638908,0.51994133,4.357142857,4.279
4526.mp4,0.99734515,0.1438402,0.77224255,4.379310345,4.3
4527.mp4,0.9858314,0.11431806,0.59944266,4.384615385,4.305
4535.mp4,0.98796487,0.10004914,0.5930123,4.428571429,4.345
4536.mp4,0.99871075,0.16040662,0.8294085,4.457142857,4.372
4538.mp4,0.98633784,0.107769,0.5931538,4.464285714,4.379
4541.mp4,0.94259095,0.074419074,0.38974783,4.685714286,4.584
0435.mp4,0.90733266,0.049223114,0.28526902,2.269230769,2.339
0438.mp4,0.9597044,0.025017787,0.2688212,2.269230769,2.339
1091.mp4,0.81692094,0.01954669,0.14098312,2.615384615,2.661
1187.mp4,0.79276353,0.024748195,0.15188888,2.653846154,2.697
1512.mp4,0.9595128,0.028468931,0.28465366,2.769230769,2.804
1625.mp4,0.8546677,0.055785194,0.26183036,2.807692308,2.84
2284.mp4,0.98573387,0.0396643,0.42675805,,
